rank	motif_DB	motif_ID	motif_alt_ID	consensus	p-value	adj_p-value	E-value	tests	FASTA_max	pos	neg	Pearson_CC	mean_squared_error	slope	intercept
1	/home/diane/software/meme/share/meme-5.0.3/db/motif_databases/RNA/Ray2013_rbp_Homo_sapiens.meme	RNCMPT00063	SAMD4A	GCUGGMC	5.03e-2	5.03e-2	5.33e0	1	-0.392	192	0	0.119	0.0325	-0.0189	1.17
2	/home/diane/software/meme/share/meme-5.0.3/db/motif_databases/RNA/Ray2013_rbp_Homo_sapiens.meme	RNCMPT00018	FUS	UGCGCGC	5.77e-2	5.77e-2	6.12e0	1	-0.392	192	0	0.114	0.0325	-0.0105	1.18
3	/home/diane/software/meme/share/meme-5.0.3/db/motif_databases/RNA/Ray2013_rbp_Homo_sapiens.meme	RNCMPT00056	RBM8A	GCGCGCG	9.44e-2	9.44e-2	1.00e1	1	-0.392	192	0	0.0953	0.0326	-0.00501	1.19
4	/home/diane/software/meme/share/meme-5.0.3/db/motif_databases/RNA/Ray2013_rbp_Homo_sapiens.meme	RNCMPT00113	RBM4	GCGCGSG	1.11e-1	1.11e-1	1.18e1	1	-0.392	192	0	0.0885	0.0326	-0.00571	1.19
5	/home/diane/software/meme/share/meme-5.0.3/db/motif_databases/RNA/Ray2013_rbp_Homo_sapiens.meme	RNCMPT00052	RBM4	GCGCGGG	1.12e-1	1.12e-1	1.19e1	1	-0.392	192	0	0.0883	0.0326	-0.00649	1.19
6	/home/diane/software/meme/share/meme-5.0.3/db/motif_databases/RNA/Ray2013_rbp_Homo_sapiens.meme	RNCMPT00045	PPRC1	SSGCGCS	1.12e-1	1.12e-1	1.19e1	1	-0.392	192	0	0.0882	0.0326	-0.00315	1.19
7	/home/diane/software/meme/share/meme-5.0.3/db/motif_databases/RNA/Ray2013_rbp_Homo_sapiens.meme	RNCMPT00002	ANKHD1	AGACGUW	1.80e-1	1.80e-1	1.90e1	1	-0.392	192	0	0.0666	0.0326	-0.03	1.2
8	/home/diane/software/meme/share/meme-5.0.3/db/motif_databases/RNA/Ray2013_rbp_Homo_sapiens.meme	RNCMPT00020	FXR2	GGACRRG	2.72e-1	2.72e-1	2.88e1	1	-0.392	192	0	0.0442	0.0327	-0.00462	1.2
9	/home/diane/software/meme/share/meme-5.0.3/db/motif_databases/RNA/Ray2013_rbp_Homo_sapiens.meme	RNCMPT00162	LIN28A	CGGAGGR	2.95e-1	2.95e-1	3.12e1	1	-0.392	192	0	0.0393	0.0327	-0.00299	1.2
10	/home/diane/software/meme/share/meme-5.0.3/db/motif_databases/RNA/Ray2013_rbp_Homo_sapiens.meme	RNCMPT00073	SRSF7	GACGACGR	2.98e-1	2.98e-1	3.16e1	1	-0.392	192	0	0.0384	0.0327	-0.0131	1.2
11	/home/diane/software/meme/share/meme-5.0.3/db/motif_databases/RNA/Ray2013_rbp_Homo_sapiens.meme	RNCMPT00072	SRSF2	AGGAGWDR	3.09e-1	3.09e-1	3.27e1	1	-0.392	192	0	0.0363	0.0327	-0.00471	1.2
12	/home/diane/software/meme/share/meme-5.0.3/db/motif_databases/RNA/Ray2013_rbp_Homo_sapiens.meme	RNCMPT00076	TARDBP	DGAAUGAD	3.32e-1	3.32e-1	3.52e1	1	-0.392	192	0	0.0316	0.0327	-0.00855	1.21
13	/home/diane/software/meme/share/meme-5.0.3/db/motif_databases/RNA/Ray2013_rbp_Homo_sapiens.meme	RNCMPT00160	HNRNPH2	GGGAGGG	3.33e-1	3.33e-1	3.53e1	1	-0.392	192	0	0.0315	0.0327	-0.00247	1.2
14	/home/diane/software/meme/share/meme-5.0.3/db/motif_databases/RNA/Ray2013_rbp_Homo_sapiens.meme	RNCMPT00054	RBM46	AAUSAAD	3.68e-1	3.68e-1	3.90e1	1	-0.392	192	0	0.0246	0.0327	-0.00444	1.21
15	/home/diane/software/meme/share/meme-5.0.3/db/motif_databases/RNA/Ray2013_rbp_Homo_sapiens.meme	RNCMPT00087	ZCRB1	GAMUUAAK	3.73e-1	3.73e-1	3.95e1	1	-0.392	192	0	0.0236	0.0327	-0.00574	1.21
16	/home/diane/software/meme/share/meme-5.0.3/db/motif_databases/RNA/Ray2013_rbp_Homo_sapiens.meme	RNCMPT00049	RBM28	GWGUAGW	3.76e-1	3.76e-1	3.99e1	1	-0.392	192	0	0.0229	0.0327	-0.00543	1.21
17	/home/diane/software/meme/share/meme-5.0.3/db/motif_databases/RNA/Ray2013_rbp_Homo_sapiens.meme	RNCMPT00163	SRSF1	GGAGGAG	4.03e-1	4.03e-1	4.27e1	1	-0.392	192	0	0.0178	0.0327	-0.0013	1.21
18	/home/diane/software/meme/share/meme-5.0.3/db/motif_databases/RNA/Ray2013_rbp_Homo_sapiens.meme	RNCMPT00021	G3BP2	AGGAURA	4.22e-1	4.22e-1	4.47e1	1	-0.392	192	0	0.0143	0.0327	-0.00379	1.21
19	/home/diane/software/meme/share/meme-5.0.3/db/motif_databases/RNA/Ray2013_rbp_Homo_sapiens.meme	RNCMPT00108	SRSF1	GGAGGRV	4.25e-1	4.25e-1	4.50e1	1	-0.392	192	0	0.0138	0.0327	-0.00194	1.21
20	/home/diane/software/meme/share/meme-5.0.3/db/motif_databases/RNA/Ray2013_rbp_Homo_sapiens.meme	RNCMPT00085	ZC3H10	SCAGCGC	4.29e-1	4.29e-1	4.55e1	1	-0.392	192	0	0.0129	0.0327	-0.000911	1.21
21	/home/diane/software/meme/share/meme-5.0.3/db/motif_databases/RNA/Ray2013_rbp_Homo_sapiens.meme	RNCMPT00109	SRSF1	GGAGGRV	4.35e-1	4.35e-1	4.61e1	1	-0.392	192	0	0.012	0.0327	-0.00175	1.21
22	/home/diane/software/meme/share/meme-5.0.3/db/motif_databases/RNA/Ray2013_rbp_Homo_sapiens.meme	RNCMPT00154	RBM5	GAAGGAG	4.40e-1	4.40e-1	4.66e1	1	-0.392	192	0	0.011	0.0327	-0.00105	1.21
23	/home/diane/software/meme/share/meme-5.0.3/db/motif_databases/RNA/Ray2013_rbp_Homo_sapiens.meme	RNCMPT00016	FMR1	GGACARG	4.54e-1	4.54e-1	4.81e1	1	-0.392	192	0	0.00841	0.0327	-0.00138	1.21
24	/home/diane/software/meme/share/meme-5.0.3/db/motif_databases/RNA/Ray2013_rbp_Homo_sapiens.meme	RNCMPT00106	SRSF1	GGAGGAM	4.85e-1	4.85e-1	5.14e1	1	-0.392	192	0	0.0027	0.0327	-0.000333	1.21
25	/home/diane/software/meme/share/meme-5.0.3/db/motif_databases/RNA/Ray2013_rbp_Homo_sapiens.meme	RNCMPT00116	YBX1	AACAUCA	4.91e-1	4.91e-1	5.21e1	1	-0.392	192	0	0.00161	0.0327	-0.000585	1.21
26	/home/diane/software/meme/share/meme-5.0.3/db/motif_databases/RNA/Ray2013_rbp_Homo_sapiens.meme	RNCMPT00036	LIN28A	HGGAGAA	5.06e-1	5.06e-1	5.36e1	1	-0.392	192	0	-0.00104	0.0327	0.000128	1.21
27	/home/diane/software/meme/share/meme-5.0.3/db/motif_databases/RNA/Ray2013_rbp_Homo_sapiens.meme	RNCMPT00107	SRSF1	GGAGGAN	5.28e-1	5.28e-1	5.59e1	1	-0.392	192	0	-0.00502	0.0327	0.000765	1.22
28	/home/diane/software/meme/share/meme-5.0.3/db/motif_databases/RNA/Ray2013_rbp_Homo_sapiens.meme	RNCMPT00088	SRSF10	AGAGARR	5.39e-1	5.39e-1	5.71e1	1	-0.392	192	0	-0.00713	0.0327	0.000481	1.22
29	/home/diane/software/meme/share/meme-5.0.3/db/motif_databases/RNA/Ray2013_rbp_Homo_sapiens.meme	RNCMPT00156	CNOT4	GACAGAN	5.66e-1	5.66e-1	6.00e1	1	-0.392	192	0	-0.0121	0.0327	0.00281	1.22
30	/home/diane/software/meme/share/meme-5.0.3/db/motif_databases/RNA/Ray2013_rbp_Homo_sapiens.meme	RNCMPT00013	DAZAP1	UAGGUAR	5.72e-1	5.72e-1	6.06e1	1	-0.392	192	0	-0.0131	0.0327	0.00275	1.22
31	/home/diane/software/meme/share/meme-5.0.3/db/motif_databases/RNA/Ray2013_rbp_Homo_sapiens.meme	RNCMPT00178	HNRPLL	ACACACA	5.76e-1	5.76e-1	6.11e1	1	-0.392	192	0	-0.014	0.0327	0.00386	1.22
32	/home/diane/software/meme/share/meme-5.0.3/db/motif_databases/RNA/Ray2013_rbp_Homo_sapiens.meme	RNCMPT00067	SRSF9	GGRWGGA	5.77e-1	5.77e-1	6.12e1	1	-0.392	192	0	-0.0142	0.0327	0.00127	1.22
33	/home/diane/software/meme/share/meme-5.0.3/db/motif_databases/RNA/Ray2013_rbp_Homo_sapiens.meme	RNCMPT00169	KHDRBS1	AUAAAAR	5.85e-1	5.85e-1	6.20e1	1	-0.392	192	0	-0.0155	0.0327	0.00208	1.22
34	/home/diane/software/meme/share/meme-5.0.3/db/motif_databases/RNA/Ray2013_rbp_Homo_sapiens.meme	RNCMPT00089	SRSF10	AGAGARR	5.91e-1	5.91e-1	6.26e1	1	-0.392	192	0	-0.0167	0.0327	0.00139	1.22
35	/home/diane/software/meme/share/meme-5.0.3/db/motif_databases/RNA/Ray2013_rbp_Homo_sapiens.meme	RNCMPT00083	YBX1	AACAUCA	5.91e-1	5.91e-1	6.27e1	1	-0.392	192	0	-0.0168	0.0327	0.0057	1.22
36	/home/diane/software/meme/share/meme-5.0.3/db/motif_databases/RNA/Ray2013_rbp_Homo_sapiens.meme	RNCMPT00090	SRSF10	AGAGAMA	5.92e-1	5.92e-1	6.28e1	1	-0.392	192	0	-0.017	0.0327	0.00224	1.22
37	/home/diane/software/meme/share/meme-5.0.3/db/motif_databases/RNA/Ray2013_rbp_Homo_sapiens.meme	RNCMPT00070	SNRNP70	RWUCAAG	5.93e-1	5.93e-1	6.29e1	1	-0.392	192	0	-0.0171	0.0327	0.00433	1.22
38	/home/diane/software/meme/share/meme-5.0.3/db/motif_databases/RNA/Ray2013_rbp_Homo_sapiens.meme	RNCMPT00161	FXR1	AAYGACRA	5.94e-1	5.94e-1	6.30e1	1	-0.392	192	0	-0.0173	0.0327	0.00495	1.22
39	/home/diane/software/meme/share/meme-5.0.3/db/motif_databases/RNA/Ray2013_rbp_Homo_sapiens.meme	RNCMPT00110	SRSF1	MAGGACAV	6.02e-1	6.02e-1	6.38e1	1	-0.392	192	0	-0.0189	0.0327	0.00346	1.22
40	/home/diane/software/meme/share/meme-5.0.3/db/motif_databases/RNA/Ray2013_rbp_Homo_sapiens.meme	RNCMPT00091	HNRNPL	ACACRAV	6.09e-1	6.09e-1	6.45e1	1	-0.392	192	0	-0.0201	0.0327	0.00314	1.22
41	/home/diane/software/meme/share/meme-5.0.3/db/motif_databases/RNA/Ray2013_rbp_Homo_sapiens.meme	RNCMPT00041	MSI1	UAGUWRG	6.11e-1	6.11e-1	6.47e1	1	-0.392	192	0	-0.0204	0.0327	0.00396	1.22
42	/home/diane/software/meme/share/meme-5.0.3/db/motif_databases/RNA/Ray2013_rbp_Homo_sapiens.meme	RNCMPT00024	HNRNPA2B1	DUAGGGA	6.15e-1	6.15e-1	6.52e1	1	-0.392	192	0	-0.0212	0.0327	0.00605	1.22
43	/home/diane/software/meme/share/meme-5.0.3/db/motif_databases/RNA/Ray2013_rbp_Homo_sapiens.meme	RNCMPT00149	ENOX1	MAGACAG	6.19e-1	6.19e-1	6.56e1	1	-0.392	192	0	-0.022	0.0327	0.00292	1.22
44	/home/diane/software/meme/share/meme-5.0.3/db/motif_databases/RNA/Ray2013_rbp_Homo_sapiens.meme	RNCMPT00027	HNRNPL	ACACACA	6.39e-1	6.39e-1	6.78e1	1	-0.392	192	0	-0.0259	0.0327	0.00252	1.22
45	/home/diane/software/meme/share/meme-5.0.3/db/motif_databases/RNA/Ray2013_rbp_Homo_sapiens.meme	RNCMPT00241	RBM45	GACGACM	6.41e-1	6.41e-1	6.80e1	1	-0.392	192	0	-0.0263	0.0327	0.00311	1.22
46	/home/diane/software/meme/share/meme-5.0.3/db/motif_databases/RNA/Ray2013_rbp_Homo_sapiens.meme	RNCMPT00001	A1CF	WUAAUUR	6.63e-1	6.63e-1	7.03e1	1	-0.392	192	0	-0.0307	0.0327	0.00795	1.22
47	/home/diane/software/meme/share/meme-5.0.3/db/motif_databases/RNA/Ray2013_rbp_Homo_sapiens.meme	RNCMPT00055	RBM5	GAAGGAA	6.86e-1	6.86e-1	7.27e1	1	-0.392	192	0	-0.0352	0.0327	0.00456	1.23
48	/home/diane/software/meme/share/meme-5.0.3/db/motif_databases/RNA/Ray2013_rbp_Homo_sapiens.meme	RNCMPT00168	RBFOX1	WGCAUGM	6.88e-1	6.88e-1	7.30e1	1	-0.392	192	0	-0.0357	0.0327	0.0176	1.22
49	/home/diane/software/meme/share/meme-5.0.3/db/motif_databases/RNA/Ray2013_rbp_Homo_sapiens.meme	RNCMPT00176	MSI1	UAGUWRG	6.90e-1	6.90e-1	7.32e1	1	-0.392	192	0	-0.0361	0.0327	0.00711	1.23
50	/home/diane/software/meme/share/meme-5.0.3/db/motif_databases/RNA/Ray2013_rbp_Mus_musculus.meme	RNCMPT00062	KHDRBS1	UAAAAGG	6.97e-1	6.97e-1	7.39e1	1	-0.392	192	0	-0.0375	0.0327	0.00505	1.22
51	/home/diane/software/meme/share/meme-5.0.3/db/motif_databases/RNA/Ray2013_rbp_Homo_sapiens.meme	RNCMPT00033	IGF2BP2	AMAWACA	6.97e-1	6.97e-1	7.39e1	1	-0.392	192	0	-0.0375	0.0327	0.0029	1.22
52	/home/diane/software/meme/share/meme-5.0.3/db/motif_databases/RNA/Ray2013_rbp_Homo_sapiens.meme	RNCMPT00172	IGF2BP3	AMAHWCA	6.98e-1	6.98e-1	7.40e1	1	-0.392	192	0	-0.0378	0.0327	0.00247	1.22
53	/home/diane/software/meme/share/meme-5.0.3/db/motif_databases/RNA/Ray2013_rbp_Homo_sapiens.meme	RNCMPT00173	RBMS3	UAUAUAB	7.06e-1	7.06e-1	7.48e1	1	-0.392	192	0	-0.0394	0.0327	0.00591	1.22
54	/home/diane/software/meme/share/meme-5.0.3/db/motif_databases/RNA/Ray2013_rbp_Homo_sapiens.meme	RNCMPT00019	SRSF10	AGAGAAA	7.07e-1	7.07e-1	7.49e1	1	-0.392	192	0	-0.0396	0.0327	0.00339	1.23
55	/home/diane/software/meme/share/meme-5.0.3/db/motif_databases/RNA/Ray2013_rbp_Homo_sapiens.meme	RNCMPT00186	PCBP1	CCUWWCC	7.09e-1	7.09e-1	7.51e1	1	-0.392	192	0	-0.0399	0.0327	0.00632	1.23
56	/home/diane/software/meme/share/meme-5.0.3/db/motif_databases/RNA/Ray2013_rbp_Homo_sapiens.meme	RNCMPT00074	SRSF9	AGGAGCA	7.21e-1	7.21e-1	7.64e1	1	-0.392	192	0	-0.0425	0.0327	0.00331	1.23
57	/home/diane/software/meme/share/meme-5.0.3/db/motif_databases/RNA/Ray2013_rbp_Homo_sapiens.meme	RNCMPT00050	RBM3	GAUACGA	7.24e-1	7.24e-1	7.67e1	1	-0.392	192	0	-0.0432	0.0327	0.00399	1.23
58	/home/diane/software/meme/share/meme-5.0.3/db/motif_databases/RNA/Ray2013_rbp_Homo_sapiens.meme	RNCMPT00034	KHDRBS3	GAUAAACV	7.66e-1	7.66e-1	8.12e1	1	-0.392	192	0	-0.0526	0.0327	0.00852	1.23
59	/home/diane/software/meme/share/meme-5.0.3/db/motif_databases/RNA/Ray2013_rbp_Homo_sapiens.meme	RNCMPT00022	HNRNPA1	DUAGGGA	7.70e-1	7.70e-1	8.16e1	1	-0.392	192	0	-0.0536	0.0327	0.0207	1.23
60	/home/diane/software/meme/share/meme-5.0.3/db/motif_databases/RNA/Ray2013_rbp_Homo_sapiens.meme	RNCMPT00152	RBMS1	UAUAUAS	7.77e-1	7.77e-1	8.24e1	1	-0.392	192	0	-0.0555	0.0327	0.015	1.22
61	/home/diane/software/meme/share/meme-5.0.3/db/motif_databases/RNA/Ray2013_rbp_Homo_sapiens.meme	RNCMPT00184	RBM24	WGUGUGA	7.78e-1	7.78e-1	8.25e1	1	-0.392	192	0	-0.0557	0.0327	0.012	1.23
62	/home/diane/software/meme/share/meme-5.0.3/db/motif_databases/RNA/Ray2013_rbp_Homo_sapiens.meme	RNCMPT00064	SART3	ARAAAAA	7.87e-1	7.87e-1	8.34e1	1	-0.392	192	0	-0.0577	0.0327	0.00515	1.23
63	/home/diane/software/meme/share/meme-5.0.3/db/motif_databases/RNA/Ray2013_rbp_Homo_sapiens.meme	RNCMPT00157	PABPN1	AGAAGAN	7.90e-1	7.90e-1	8.38e1	1	-0.392	192	0	-0.0587	0.0327	0.00503	1.23
64	/home/diane/software/meme/share/meme-5.0.3/db/motif_databases/RNA/Ray2013_rbp_Homo_sapiens.meme	RNCMPT00043	PABPC4	AAAAAAA	7.93e-1	7.93e-1	8.41e1	1	-0.392	192	0	-0.0594	0.0327	0.00506	1.23
65	/home/diane/software/meme/share/meme-5.0.3/db/motif_databases/RNA/Ray2013_rbp_Homo_sapiens.meme	RNCMPT00155	PABPC1	ARAAAAA	7.96e-1	7.96e-1	8.44e1	1	-0.392	192	0	-0.0602	0.0326	0.00542	1.23
66	/home/diane/software/meme/share/meme-5.0.3/db/motif_databases/RNA/Ray2013_rbp_Homo_sapiens.meme	RNCMPT00185	KHDRBS2	RAUAAAM	8.04e-1	8.04e-1	8.52e1	1	-0.392	192	0	-0.0622	0.0326	0.00859	1.23
67	/home/diane/software/meme/share/meme-5.0.3/db/motif_databases/RNA/Ray2013_rbp_Homo_sapiens.meme	RNCMPT00057	RBMS3	AUAUAUM	8.08e-1	8.08e-1	8.56e1	1	-0.392	192	0	-0.0632	0.0326	0.0136	1.22
68	/home/diane/software/meme/share/meme-5.0.3/db/motif_databases/RNA/Ray2013_rbp_Homo_sapiens.meme	RNCMPT00044	PCBP2	CCUYCCC	8.17e-1	8.17e-1	8.66e1	1	-0.392	192	0	-0.0657	0.0326	0.00359	1.24
69	/home/diane/software/meme/share/meme-5.0.3/db/motif_databases/RNA/Ray2013_rbp_Homo_sapiens.meme	RNCMPT00075	TUT1	CGAUACU	8.18e-1	8.18e-1	8.67e1	1	-0.392	192	0	-0.066	0.0326	0.00946	1.23
70	/home/diane/software/meme/share/meme-5.0.3/db/motif_databases/RNA/Ray2013_rbp_Homo_sapiens.meme	RNCMPT00153	PABPC3	GAAAACM	8.23e-1	8.23e-1	8.72e1	1	-0.392	192	0	-0.0672	0.0326	0.00816	1.23
71	/home/diane/software/meme/share/meme-5.0.3/db/motif_databases/RNA/Ray2013_rbp_Homo_sapiens.meme	RNCMPT00026	HNRNPK	CCAAMCC	8.29e-1	8.29e-1	8.79e1	1	-0.392	192	0	-0.0691	0.0326	0.00733	1.24
72	/home/diane/software/meme/share/meme-5.0.3/db/motif_databases/RNA/Ray2013_rbp_Homo_sapiens.meme	RNCMPT00187	BRUNOL6	UGUGDKG	8.30e-1	8.30e-1	8.79e1	1	-0.392	192	0	-0.0692	0.0326	0.00997	1.23
73	/home/diane/software/meme/share/meme-5.0.3/db/motif_databases/RNA/Ray2013_rbp_Mus_musculus.meme	RNCMPT00051	RBM38	GUGUGUG	8.53e-1	8.53e-1	9.04e1	1	-0.392	192	0	-0.0761	0.0326	0.0145	1.24
74	/home/diane/software/meme/share/meme-5.0.3/db/motif_databases/RNA/Ray2013_rbp_Homo_sapiens.meme	RNCMPT00023	HNRNPA1L2	KUAGGGW	8.55e-1	8.55e-1	9.07e1	1	-0.392	192	0	-0.0769	0.0326	0.0259	1.24
75	/home/diane/software/meme/share/meme-5.0.3/db/motif_databases/RNA/Ray2013_rbp_Homo_sapiens.meme	RNCMPT00151	RBM42	AACUAMG	8.67e-1	8.67e-1	9.19e1	1	-0.392	192	0	-0.0806	0.0326	0.0231	1.23
76	/home/diane/software/meme/share/meme-5.0.3/db/motif_databases/RNA/Ray2013_rbp_Homo_sapiens.meme	RNCMPT00038	MBNL1	NGCUUGC	8.77e-1	8.77e-1	9.30e1	1	-0.392	192	0	-0.0843	0.0326	0.014	1.24
77	/home/diane/software/meme/share/meme-5.0.3/db/motif_databases/RNA/Ray2013_rbp_Homo_sapiens.meme	RNCMPT00171	PABPC5	AGAAAAU	8.78e-1	8.78e-1	9.30e1	1	-0.392	192	0	-0.0844	0.0326	0.00889	1.24
78	/home/diane/software/meme/share/meme-5.0.3/db/motif_databases/RNA/Ray2013_rbp_Homo_sapiens.meme	RNCMPT00071	SNRPA	UUGCACA	8.88e-1	8.88e-1	9.42e1	1	-0.392	192	0	-0.0883	0.0326	0.0365	1.24
79	/home/diane/software/meme/share/meme-5.0.3/db/motif_databases/RNA/Ray2013_rbp_Homo_sapiens.meme	RNCMPT00164	ZNF638	UGUUSGU	8.96e-1	8.96e-1	9.50e1	1	-0.392	192	0	-0.0914	0.0326	0.00954	1.24
80	/home/diane/software/meme/share/meme-5.0.3/db/motif_databases/RNA/Ray2013_rbp_Homo_sapiens.meme	RNCMPT00037	MATR3	MAUCUUG	9.06e-1	9.06e-1	9.60e1	1	-0.392	192	0	-0.0954	0.0326	0.0137	1.24
81	/home/diane/software/meme/share/meme-5.0.3/db/motif_databases/RNA/Ray2013_rbp_Homo_sapiens.meme	RNCMPT00177	SFPQ	GURGUKU	9.09e-1	9.09e-1	9.64e1	1	-0.392	192	0	-0.0969	0.0326	0.00604	1.24
82	/home/diane/software/meme/share/meme-5.0.3/db/motif_databases/RNA/Ray2013_rbp_Homo_sapiens.meme	RNCMPT00150	ESRP2	UGGGGAU	9.17e-1	9.17e-1	9.72e1	1	-0.392	192	0	-0.1	0.0325	0.0124	1.25
83	/home/diane/software/meme/share/meme-5.0.3/db/motif_databases/RNA/Ray2013_rbp_Homo_sapiens.meme	RNCMPT00112	HuR	UUUGUUU	9.44e-1	9.44e-1	1.00e2	1	-0.392	192	0	-0.115	0.0325	0.00958	1.24
84	/home/diane/software/meme/share/meme-5.0.3/db/motif_databases/RNA/Ray2013_rbp_Homo_sapiens.meme	RNCMPT00086	ZC3H14	UUUGUUU	9.45e-1	9.45e-1	1.00e2	1	-0.392	192	0	-0.116	0.0325	0.00833	1.24
85	/home/diane/software/meme/share/meme-5.0.3/db/motif_databases/RNA/Ray2013_rbp_Homo_sapiens.meme	RNCMPT00117	HuR	UUUGUUU	9.46e-1	9.46e-1	1.00e2	1	-0.392	192	0	-0.116	0.0325	0.00917	1.24
86	/home/diane/software/meme/share/meme-5.0.3/db/motif_databases/RNA/Ray2013_rbp_Homo_sapiens.meme	RNCMPT00053	RBM41	WUACWUU	9.48e-1	9.48e-1	1.00e2	1	-0.392	192	0	-0.118	0.0325	0.0252	1.24
87	/home/diane/software/meme/share/meme-5.0.3/db/motif_databases/RNA/Ray2013_rbp_Homo_sapiens.meme	RNCMPT00170	RBM6	MAUCCAR	9.48e-1	9.48e-1	1.01e2	1	-0.392	192	0	-0.118	0.0325	0.0321	1.26
88	/home/diane/software/meme/share/meme-5.0.3/db/motif_databases/RNA/Ray2013_rbp_Homo_sapiens.meme	RNCMPT00047	QKI	ACUAACM	9.55e-1	9.55e-1	1.01e2	1	-0.392	192	0	-0.122	0.0325	0.0586	1.25
89	/home/diane/software/meme/share/meme-5.0.3/db/motif_databases/RNA/Ray2013_rbp_Homo_sapiens.meme	RNCMPT00136	HuR	UUGGUUU	9.55e-1	9.55e-1	1.01e2	1	-0.392	192	0	-0.123	0.0325	0.0111	1.23
90	/home/diane/software/meme/share/meme-5.0.3/db/motif_databases/RNA/Ray2013_rbp_Mus_musculus.meme	RNCMPT00239	PCBP1	CCUUUCCC	9.59e-1	9.59e-1	1.02e2	1	-0.392	192	0	-0.126	0.0324	0.0117	1.26
91	/home/diane/software/meme/share/meme-5.0.3/db/motif_databases/RNA/Ray2013_rbp_Homo_sapiens.meme	RNCMPT00166	BRUNOL5	UGUGUGU	9.66e-1	9.66e-1	1.02e2	1	-0.392	192	0	-0.132	0.0324	0.0131	1.24
92	/home/diane/software/meme/share/meme-5.0.3/db/motif_databases/RNA/Ray2013_rbp_Homo_sapiens.meme	RNCMPT00077	TIA1	UUUUUUG	9.66e-1	9.66e-1	1.02e2	1	-0.392	192	0	-0.132	0.0324	0.00968	1.24
93	/home/diane/software/meme/share/meme-5.0.3/db/motif_databases/RNA/Ray2013_rbp_Homo_sapiens.meme	RNCMPT00084	YBX2	AACAWCD	9.67e-1	9.67e-1	1.03e2	1	-0.392	192	0	-0.133	0.0324	0.0298	1.26
94	/home/diane/software/meme/share/meme-5.0.3/db/motif_databases/RNA/Ray2013_rbp_Homo_sapiens.meme	RNCMPT00165	TIA1	UUUUUUY	9.67e-1	9.67e-1	1.03e2	1	-0.392	192	0	-0.133	0.0324	0.00974	1.24
95	/home/diane/software/meme/share/meme-5.0.3/db/motif_databases/RNA/Ray2013_rbp_Homo_sapiens.meme	RNCMPT00004	BRUNOL4	UGUGUGU	9.68e-1	9.68e-1	1.03e2	1	-0.392	192	0	-0.134	0.0324	0.0108	1.25
96	/home/diane/software/meme/share/meme-5.0.3/db/motif_databases/RNA/Ray2013_rbp_Mus_musculus.meme	RNCMPT00215	PCBP3	HUUUCCCU	9.73e-1	9.73e-1	1.03e2	1	-0.392	192	0	-0.14	0.0324	0.0148	1.26
97	/home/diane/software/meme/share/meme-5.0.3/db/motif_databases/RNA/Ray2013_rbp_Homo_sapiens.meme	RNCMPT00167	HNRNPCL1	AUUUUUU	9.74e-1	9.74e-1	1.03e2	1	-0.392	192	0	-0.141	0.0324	0.013	1.24
98	/home/diane/software/meme/share/meme-5.0.3/db/motif_databases/RNA/Ray2013_rbp_Homo_sapiens.meme	RNCMPT00159	RALY	UUUUUUG	9.75e-1	9.75e-1	1.03e2	1	-0.392	192	0	-0.142	0.0324	0.0135	1.24
99	/home/diane/software/meme/share/meme-5.0.3/db/motif_databases/RNA/Ray2013_rbp_Homo_sapiens.meme	RNCMPT00268	PTBP1	CUUUUCU	9.75e-1	9.75e-1	1.03e2	1	-0.392	192	0	-0.142	0.0324	0.0094	1.25
100	/home/diane/software/meme/share/meme-5.0.3/db/motif_databases/RNA/Ray2013_rbp_Homo_sapiens.meme	RNCMPT00158	CPEB4	CUUUUUU	9.76e-1	9.76e-1	1.03e2	1	-0.392	192	0	-0.143	0.0324	0.0132	1.24
101	/home/diane/software/meme/share/meme-5.0.3/db/motif_databases/RNA/Ray2013_rbp_Homo_sapiens.meme	RNCMPT00025	HNRNPC	AUUUUUK	9.76e-1	9.76e-1	1.03e2	1	-0.392	192	0	-0.143	0.0324	0.0132	1.24
102	/home/diane/software/meme/share/meme-5.0.3/db/motif_databases/RNA/Ray2013_rbp_Homo_sapiens.meme	RNCMPT00012	CPEB2	CWUUUUU	9.78e-1	9.78e-1	1.04e2	1	-0.392	192	0	-0.146	0.0324	0.0116	1.24
103	/home/diane/software/meme/share/meme-5.0.3/db/motif_databases/RNA/Ray2013_rbp_Homo_sapiens.meme	RNCMPT00274	HuR	UUUUUUU	9.78e-1	9.78e-1	1.04e2	1	-0.392	192	0	-0.146	0.0324	0.0103	1.24
104	/home/diane/software/meme/share/meme-5.0.3/db/motif_databases/RNA/Ray2013_rbp_Homo_sapiens.meme	RNCMPT00032	HuR	UUWUUUU	9.79e-1	9.79e-1	1.04e2	1	-0.392	192	0	-0.147	0.0324	0.0161	1.24
105	/home/diane/software/meme/share/meme-5.0.3/db/motif_databases/RNA/Ray2013_rbp_Homo_sapiens.meme	RNCMPT00269	PTBP1	ACUUUCU	9.84e-1	9.84e-1	1.04e2	1	-0.392	192	0	-0.154	0.0323	0.00944	1.25
106	/home/diane/software/meme/share/meme-5.0.3/db/motif_databases/RNA/Ray2013_rbp_Homo_sapiens.meme	RNCMPT00079	U2AF2	UUUUUUC	9.88e-1	9.88e-1	1.05e2	1	-0.392	192	0	-0.162	0.0323	0.0149	1.25

# AME (Analysis of Motif Enrichment): Version 5.0.3 compiled on Dec  5 2018 at 13:37:43
# The format of this file is described at http://meme-suite.org//doc/ame-output-format.html.
# ame --oc 5utr_less_vs_more/all_pearson_totalhits_0.25_fixed --method pearson --scoring totalhits --fix-partition 192 --hit-lo-fraction 0.25 --evalue-report-threshold 1000 5utr/meme_5utr_fasta_all_reverse.txt /home/diane/software/meme/share/meme-5.0.3/db/motif_databases/RNA/Ray2013_rbp_Mus_musculus.meme /home/diane/software/meme/share/meme-5.0.3/db/motif_databases/RNA/Ray2013_rbp_Homo_sapiens.meme
